Users,Groups
Karn, Colorless
Ugin, Colorless
Ajani Goldmane, White
Basri Ket, White
Elspeth Tirel, White
Gerrard Capashen, White
Gideon Jura, White
Isamaru, White
Konda, White
Lin Sivvi, White
Mageta, White
Michiko Konda, White
Orim, White
Teyo Magada, White
The Wanderer, White
Hixus, White
Akroma, White
Alexi, Blue
Barrin, Blue
Blind Seer, Blue
Jace Beleren, Blue
Kasmina, Blue
Mu Yanling, Blue
Rayne, Blue
Tamiyo, Blue
Urza, Blue
Veigar, Blue
Memnarch, Blue
Crovax, Black
Davriel Cane, Black
Greel, Black
Greven, Black
Ink-Eyes, Black
Liliana Vess, Black
Ob Nixilis, Black
Phage, Black
Toshiro Umezawa, Black
Volrath, Black
Yawgmoth, Black
Chandra Nalaar, Red
Daretti, Red
Hidetsugu, Red
Jeska, Red
Koth, Red
Latulla, Red
Lukka, Red
Slobad, Red
Squee, Red
Tahngarth, Red
Bosh, Red
Eladamri, Green
Freyalise, Green
Garruk Wildspeaker, Green
Jiang Yanggu, Green
Jolrael, Green
Kamahl, Green
Mirri, Green
Multani, Green
Nissa Revane, Green
Rofellos, Green
Vivien Reid, Green
Glissa Sunseeker, Green
Dovin Baan, "White, Blue"
Hanna, "White,Blue"
Niko Aris, "White,Blue"
Teferi, "White,Blue"
Venser, "White,Blue"
Ashiok, "Blue, Black"
Ertai, "Blue,Black"
Kaito Shizuki, "Blue,Black"
Angrath, "Black,Red"
Tsabo Tavoc, "Black,Red"
Arlinn Kord, "Red, Green"
Domri Rade, "Red,Green"
Samut, "Red,Green"
Sarkhan Vol, "Red,Green"
Xenagos, "Red,Green"
Calix, "White,Green"
Captain Sisay, "White,Green"
Kaya, "White,Black"
Sorin Markov, "White,Black"
Dack Fayden, "Blue,Red"
Ral Zarek, "Blue,Red"
Saheeli Rai, "Blue,Red"
Tyvar Kell, "Black,Green"
Vraska, "Black,Green"
Kiora, "Blue,Green"
Nahiri, "Red,White"
Quintorius Kand, "Red,White"
Aminatou, White, "Blue,Black"
Narset, Blue, "Red,White"
Estrid, White, "Blue,Green"
Geyadrone Dihada, "Blue,Black,Red"
Nicol Bolas, "Blue,Black,Red"
Lord Windgrace, "Black,Red,Green"
Huatli, "Red,Green,White"
Karona, "White,Blue,Black,Red,Green"
Sisay, "White,Blue,Black,Red,Green"
Gishath, "Red,Green,White"
Thalia, White